model,best_score,C,kernel,gamma,AUC,time_elapsed
SVC,0.9962773335610047,100,rbf,0.001,0.9973772614668569,48.01316022872925
